desc::ip_xmin,desc::ip_xmax,desc::ip_duration,duration,ip_label,speaker,discourse_function,desc::HGS1_transcrkr,desc::HYJ1_transcrkr,desc::SUK1_transcrkr
1.48895909,2.873846896,1.384887807,long,hgs,hgs,directive,그 눈좋은 소리 허지 말라!,NA,NA
3.035100956,4.67704256,1.641941604,long,hyj,hyj,statement,NA,"이 요디 트더먹구야, 얼굴에 요 이 이멩이에 두밧디  물언 요거, 죽인거, 오늘.",NA
4.67704256,5.962332271,1.285289711,mid,hyj,hyj,statement,NA,"이 요디 트더먹구야, 얼굴에 요 이 이멩이에 두밧디  물언 요거, 죽인거, 오늘.",NA
6.147300163,6.759117037,0.611816873,short,hyj,hyj,statement,NA,"이 요디 트더먹구야, 얼굴에 요 이 이멩이에 두밧디  물언 요거, 죽인거, 오늘.",NA
6.896657264,7.53218797,0.635530706,short,hyj,hyj,statement,NA,"이 요디 트더먹구야, 얼굴에 요 이 이멩이에 두밧디  물언 요거, 죽인거, 오늘.",NA
8.996114977,9.949411035,0.953296059,mid,overlap,suk,repeat_q,아니 게난,NA,오널?
10.57071344,11.52875227,0.958038825,mid,hyj,hyj,affirm,NA,오늘 죽연 이건 구저껜가 어느떼 물린거 요 요 요 이마빡에 요디 뽈고롱 허지 안헤시아 ㅎ.썰?,NA
11.622127,15.29302824,3.670901241,long,overlap,NA,NA,NA,오늘 죽연 이건 구저껜가 어느떼 물린거 요 요 요 이마빡에 요디 뽈고롱 허지 안헤시아 ㅎ.썰?,아니
15.79101872,16.02815705,0.237138323,short,hgs,NA,NA,야,NA,NA
17.56554331,18.85557579,1.290032477,mid,hgs,hgs,rhet_q,그 이름표 돌아서냐?,NA,NA
19.06900028,19.72,0.650999718,mid,hgs,hgs,statement,그날 오과렌.,NA,NA
20.9112967,22.63292092,1.721624225,long,overlap,NA,NA,그날 와땅 먹언 먹언 가렌 이름표 돌아서냐?,NA,NA
23.00759947,26.31193434,3.304334867,long,overlap,NA,NA,그날 와땅 먹언 먹언 가렌 이름표 돌아서냐?,"요자기 밤이 웽웽웽웽 헌디 둣날은 보난에,",NA
26.87158078,27.58151516,0.709934376,mid,hyj,hyj,statement,NA,이디 어제 보난 벌겅 잇입데다.,NA
27.66214219,29.47862174,1.816479555,long,overlap,NA,NA,그거는 막 먹엉 간 죽어불고 새로운 거주.,이디 어제 보난 벌겅 잇입데다.,NA
29.70627453,30.36077631,0.654501772,mid,hgs,hgs,opinion,그거는 막 먹엉 간 죽어불고 새로운 거주.,NA,NA
31.69179862,36.16422739,4.472428773,long,overlap,NA,NA,"게난 이름표 돌앙뎅기렌 헤어, 가이덜신이.",몰라 나 원 어떵헨에 모- 모기 얼루 들어왐ㅅ우꽈?,NA
36.34919528,38.64078865,2.291593373,long,overlap,NA,NA,"게난 이름표 돌앙뎅기렌 헤어, 가이덜신이.",어히그,겐디 삶은 어디서 살아?
39.04866657,40.9419748,1.893308227,long,overlap,NA,NA,"건 이, 아니 이디가,","몰라 어디서 구둘 안네 들어 와그네 기냥,",집 안니서 사는 건가?
40.9419748,42.20681259,1.264837791,mid,overlap,NA,NA,"건 이, 아니 이디가, 그래 여기가 어느 구석에 요런디.","몰라 어디서 구둘 안네 들어 와그네 기냥,",집 안니서 사는 건가?
42.20681259,44.1134047,1.906592117,long,hgs,hgs,statement,그래 여기가 어느 구석에 요런디.,NA,집 안니서 사는 건가?
44.2556877,44.77264924,0.516961544,short,hyj,hyj,completion,그래 여기가 어느 구석에 요런디.,붙엇당.,NA
44.9908165,45.31332462,0.322508119,short,hgs,hgs,statement,"이런 찻장 두에 가던가, 이 이런 거주.",NA,NA
45.39395165,46.78568551,1.391733864,long,hgs,hgs,statement,"이런 찻장 두에 가던가, 이 이런 거주.",NA,NA
46.90899744,47.88126456,0.972267125,mid,overlap,NA,NA,"이런 찻장 두에 가던가, 이 이런 거주.",막 ㅇ..ㄱ아.,NA
48.52248218,50.50970133,1.987219147,long,hyj,hyj,statement,NA,불 싸민 엇이국 불 끄민 나와그넹아 물레 돌아뎅기국.,NA
50.61404219,52.18389789,1.569855699,long,hyj,hyj,statement,NA,불 싸민 엇이국 불 끄민 나와그넹아 물레 돌아뎅기국.,NA
52.77399699,53.1676466,0.393649616,short,suk,suk,acknowledge,원래 모기가 경허는거주,NA,어...
53.1676466,54.24670109,1.079054484,mid,overlap,NA,NA,원래 모기가 경허는거주,참 모기만이 우리 사름이 모기거찌 ㅇ..ㄱ지 못헤어.,어...
54.24670109,56.45912653,2.21242544,long,hyj,hyj,opinion,원래 모기가 경허는거주,참 모기만이 우리 사름이 모기거찌 ㅇ..ㄱ지 못헤어.,NA
56.45912653,57.84401433,1.384887807,long,hyj,hyj,opinion,NA,참 모기만이 우리 사름이 모기거찌 ㅇ..ㄱ지 못헤어.,NA
58.10211978,58.79456368,0.692443903,mid,overlap,NA,NA,"게난,",NA,미와그넹에.
59.2166699,62.70481377,3.488143877,long,hgs,hgs,opinion,파리는 없어지기 시작헤도 모기는 없어지지 아녜는 거 같에.,NA,NA
62.81864017,63.83327048,1.014630312,mid,hyj,hyj,downplay,파리는 없어지기 시작헤도 모기는 없어지지 아녜는 거 같에.,"에이고 뭐 기냥, 겐디 저거야 어디서 생겨나그넹아 ㅇ..름엔 경 막 활달 헤엉 돌아 뎅기당 겨울은 되민 숨두 못 쉰덴 허는디,",NA
64.10835093,67.19114913,3.0827982,long,hyj,hyj,statement,NA,"에이고 뭐 기냥, 겐디 저거야 어디서 생겨나그넹아 ㅇ..름엔 경 막 활달 헤엉 돌아 뎅기당 겨울은 되민 숨두 못 쉰덴 허는디,",NA
67.72075115,69.02026916,1.29951801,mid,hyj,hyj,statement,NA,"에이고 뭐 기냥, 겐디 저거야 어디서 생겨나그넹아 ㅇ..름엔 경 막 활달 헤엉 돌아 뎅기당 겨울은 되민 숨두 못 쉰덴 허는디,",NA
69.02026916,70.93160404,1.911334884,long,hyj,hyj,statement,NA,"에이고 뭐 기냥, 겐디 저거야 어디서 생겨나그넹아 ㅇ..름엔 경 막 활달 헤엉 돌아 뎅기당 겨울은 되민 숨두 못 쉰덴 허는디,",NA
71.22565556,71.6996105,0.473954936,short,hyj,hyj,hedge,NA,"거 무시거 처- 무시거 처선가 거 무시거 넘으믄 입주뎅이 다 ㅌ.ㄹ아진덴 헙데다만은,",NA
71.770752,72.09326011,0.322508119,short,hyj,hyj,hedge,NA,"거 무시거 처- 무시거 처선가 거 무시거 넘으믄 입주뎅이 다 ㅌ.ㄹ아진덴 헙데다만은,",NA
72.09326011,75.72621922,3.632959109,long,hyj,hyj,statement,NA,"거 무시거 처- 무시거 처선가 거 무시거 넘으믄 입주뎅이 다 ㅌ.ㄹ아진덴 헙데다만은,",NA
76.06969446,76.33054662,0.260852155,short,hyj,hyj,other,NA,"아니 동지섣덜 되가도 기냥,",NA
76.33054662,76.7716239,0.441077281,short,hyj,hyj,statement,NA,"아니 동지섣덜 되가도 기냥,",NA
76.8143088,78.15651171,1.342202909,long,hyj,hyj,statement,NA,"아니 동지섣덜 되가도 기냥,",NA
78.59758899,80.59429367,1.99670468,long,overlap,NA,NA,NA,"입주뎅이두 안 ㅌ.ㄹ아져근에 경 물엉,",NA
81.77839745,82.46135582,0.68295837,mid,hyj,hyj,apprec,NA,첨말로...,NA
83.63281914,84.83748182,1.204662681,mid,hgs,hgs,statement,에꼬짱 피가 좋으난에.,NA,NA
85.56396226,87.51798204,1.954019782,long,hyj,hyj,statement,NA,"완전 튿먹엉 경헤이, 나두 경 모기 잘 탄다게.",NA
87.51798204,89.19196413,1.673982087,long,overlap,NA,NA,NA,"완전 튿먹엉 경헤이, 나두 경 모기 잘 탄다게.",NA
89.27259116,89.78006717,0.507476011,short,suk,suk,backchannel_q,NA,응.,아 기꽈?
89.78006717,90.24011552,0.460048347,short,hyj,NA,NA,NA,응.,아 기꽈?
92.26738009,94.33522626,2.067846177,long,overlap,NA,NA,NA,모기 이섰다 허민이 누엉 자지 못헤어.,NA
94.61979225,95.31223616,0.692443903,mid,suk,suk,apprec,NA,NA,그 나이에.
97.04280947,97.81113764,0.768328167,mid,hyj,hyj,opinion,NA,늙은 깍죽 무시거 튿어 먹을 거 잇인 거랑 경 돌아졍 튿어먹젠사 헴ㅅ인디 몰라.,NA
97.86805083,101.1405597,3.272508858,long,hyj,hyj,rhet_q,NA,늙은 깍죽 무시거 튿어 먹을 거 잇인 거랑 경 돌아졍 튿어먹젠사 헴ㅅ인디 몰라.,NA
102.2439292,103.3916787,1.147749484,mid,suk,suk,yn_q,NA,NA,거또 칭찬 아니꽈?
103.9465824,104.6911967,0.744614334,mid,hyj,hyj,repeat_q,NA,칭찬?!,NA
106.0760845,107.2949755,1.218890981,mid,suk,suk,answer,NA,흐 헤 헤.,무시거 튿어먹을 게 이- 잇젠.
107.7190778,108.2312965,0.512218778,short,suk,suk,answer,NA,NA,무시거 튿어먹을 게 이- 잇젠.
108.3878078,110.4319402,2.044132345,long,hyj,hyj,agree,NA,그러게 쭈- 이제 기냥 다 늙은 사름.,남아잇젠 허는 소리 아니꽈.
110.455654,114.6526806,4.197026608,long,overlap,NA,NA,NA,"그러게 쭈- 이제 기냥 다 늙은 사름. 나이 우리집이 조근 애기네 아방이 당놋벵 걸령 옛날에 잇일 때 헤낫주 허민 난,",남아잇젠 허는 소리 아니꽈.
114.7617642,115.9341717,1.172407463,mid,hyj,hyj,statement,NA,"나이 우리집이 조근 애기네 아방이 당놋벵 걸령 옛날에 잇일 때 헤낫주 허민 난,",NA
116.2471943,116.4131911,0.165996826,short,suk,suk,backchannel,NA,NA,음.
116.8400401,117.9815662,1.141526124,mid,hyj,hyj,statement,NA,지 ㄱ.찌 누엇인디  그 우리 조근에기네 아방은 아니 물구 나만 물엉 겅허멘.,NA
117.9815662,118.5696693,0.588103041,short,hyj,hyj,hedge,NA,지 ㄱ.찌 누엇인디  그 우리 조근에기네 아방은 아니 물구 나만 물엉 겅허멘.,NA
118.5696693,121.235104,2.665434751,long,hyj,hyj,statement,NA,지 ㄱ.찌 누엇인디  그 우리 조근에기네 아방은 아니 물구 나만 물엉 겅허멘.,NA
121.235104,121.661953,0.426848982,short,hyj,hyj,sum,NA,지 ㄱ.찌 누엇인디  그 우리 조근에기네 아방은 아니 물구 나만 물엉 겅허멘.,NA
121.872845,122.0720412,0.199196191,short,hgs,NA,NA,메.,NA,NA
122.6364304,125.3945344,2.75810402,long,hyj,hyj,quote,맛디 가민 우리 000 아방은 아니 무는디 나만 경 무는거라.,"아니 어ㄸ- 어떵 헤난 겅 당신만 물엄신 헤난에,",NA
125.4379248,126.3627642,0.92483946,mid,hgs,hgs,statement,맛디 가민 우리 000 아방은 아니 무는디 나만 경 무는거라.,"아니 어ㄸ- 어떵 헤난 겅 당신만 물엄신 헤난에,",NA
126.6425875,128.9899351,2.347347688,long,overlap,NA,NA,맛디 가민 우리 000 아방은 아니 무는디 나만 경 무는거라.,곡다기. ㄲ.ㄱ다기.,NA
128.9899351,129.5068967,0.516961544,short,hyj,NA,NA,맛디 가민 우리 000 아방은 아니 무는디 나만 경 무는거라.,ㄲ.ㄱ다기.,NA
129.6064948,130.4601927,0.853697963,mid,hgs,hgs,other,"경헨게이,",NA,NA
130.8490996,132.3581365,1.509036906,long,hgs,hgs,statement,"암 딱 걸리니까  암은 거난 혈액암 이잖아, 암은 걸리니깐 그게 꺼꾸루더라.",NA,NA
132.8086993,134.2078154,1.399116106,long,hgs,hgs,statement,"암 딱 걸리니까  암은 거난 혈액암 이잖아, 암은 걸리니깐 그게 꺼꾸루더라.",NA,NA
134.576,136.5314493,1.955449279,long,hgs,hgs,statement,"암 딱 걸리니까  암은 거난 혈액암 이잖아, 암은 걸리니깐 그게 꺼꾸루더라.",NA,NA
137.6659146,139.1930854,1.527170801,long,hgs,hgs,other,아방신디만 물레 가구 난 안가는 거라.,NA,NA
139.4918797,140.1073664,0.615486743,short,hgs,hgs,statement,아방신디만 물레 가구 난 안가는 거라.,NA,NA
140.3775515,141.0996775,0.722126025,mid,hyj,hyj,other,NA,"거난야 난, 저 당신안띠는 당놋벵 걸려시카부덴 모기두 안가는 셍이어 나신디만 와근에 이제.",NA
141.5569792,142.0786835,0.521704311,short,hyj,hyj,hedge,NA,"거난야 난, 저 당신안띠는 당놋벵 걸려시카부덴 모기두 안가는 셍이어 나신디만 와근에 이제.",NA
142.1308539,142.9039248,0.773070933,mid,hyj,hyj,quote,NA,"거난야 난, 저 당신안띠는 당놋벵 걸려시카부덴 모기두 안가는 셍이어 나신디만 와근에 이제.",NA
142.9655808,144.3716499,1.406069139,long,hyj,hyj,quote,NA,"거난야 난, 저 당신안띠는 당놋벵 걸려시카부덴 모기두 안가는 셍이어 나신디만 와근에 이제.",NA
144.3716499,146.5960074,2.22435747,long,hyj,hyj,quote,NA,"거난야 난, 저 당신안띠는 당놋벵 걸려시카부덴 모기두 안가는 셍이어 나신디만 와근에 이제.",NA
147.2348003,148.7619711,1.527170801,long,hyj,hyj,statement,NA,경허멍 막 헤나수다게.,NA
150.2804935,150.6409438,0.360450251,short,hyj,hgs,other,NA,아이유 모기거치 ㅇ..ㄱ은 거 모기안삐 우리 지엉 사는 거라 우리가.,NA
150.6409438,151.7554939,1.114550118,mid,hyj,hgs,opinion,NA,아이유 모기거치 ㅇ..ㄱ은 거 모기안삐 우리 지엉 사는 거라 우리가.,NA
151.7554939,153.8138545,2.058360644,long,hyj,hgs,opinion,NA,아이유 모기거치 ㅇ..ㄱ은 거 모기안삐 우리 지엉 사는 거라 우리가.,NA
154.0794495,154.4398997,0.360450251,short,hgs,hgs,backchannel,게.,NA,NA
154.5205267,155.314672,0.79414529,mid,overlap,NA,NA,NA,"모기안삐, 진짜.",NA
155.6182091,156.0071159,0.38890685,short,hyj,hyj,other,NA,"모기안삐, 진짜.",NA
156.6189328,157.7509734,1.132040591,mid,hyj,hyj,statement,NA,쥐- 잡지두 못헤곡 기냥 ㅇ.씩 물어뒁 어디강 고바불국 쥐새끼거찌룩 고냥으루만 뎅기멍...,NA
157.8316004,158.2205073,0.38890685,short,hyj,hyj,statement,NA,쥐- 잡지두 못헤곡 기냥 ㅇ.씩 물어뒁 어디강 고바불국 쥐새끼거찌룩 고냥으루만 뎅기멍...,NA
158.2205073,159.9373887,1.716881459,long,hyj,hyj,statement,NA,쥐- 잡지두 못헤곡 기냥 ㅇ.씩 물어뒁 어디강 고바불국 쥐새끼거찌룩 고냥으루만 뎅기멍...,NA
160.6780975,161.4701395,0.792041999,mid,hyj,hyj,statement,NA,쥐- 잡지두 못헤곡 기냥 ㅇ.씩 물어뒁 어디강 고바불국 쥐새끼거찌룩 고냥으루만 뎅기멍...,NA
161.541281,162.7744003,1.23311928,mid,hyj,hyj,statement,NA,쥐- 잡지두 못헤곡 기냥 ㅇ.씩 물어뒁 어디강 고바불국 쥐새끼거찌룩 고냥으루만 뎅기멍...,NA
163.3862171,163.776,0.389782868,short,suk,suk,agree,NA,NA,"허난에,"
164.2256868,165.0366999,0.811013065,mid,hyj,hyj,apprec,NA,으이그...,NA
168.8221574,169.1636366,0.341479185,short,suk,suk,apprec,NA,NA,참.
170.2544729,171.1840551,0.929582226,mid,suk,suk,other,NA,NA,"헌디 건디 올리가 덜 덜 어-, 무시거?"
171.5207915,172.4583787,0.937587166,mid,suk,suk,other,NA,NA,"헌디 건디 올리가 덜 덜 어-, 무시거?"
173.0701956,173.7768678,0.706672203,mid,suk-repairs,NA,NA,NA,NA,"헌디 건디 올리가 덜 덜 어-, 무시거?"
173.8812087,174.2511444,0.369935784,short,suk-repairs,NA,NA,NA,NA,"헌디 건디 올리가 덜 덜 어-, 무시거?"
174.8674896,175.3038241,0.436334514,short,suk,suk,self_talk,NA,NA,"헌디 건디 올리가 덜 덜 어-, 무시거?"
176.3377472,177.1215007,0.783753444,mid,suk,suk,abandon,NA,으이그 으이그 보라 모기!,올리가 덜 얼-
177.1314857,177.8658624,0.734376699,mid,hyj,hyj,directive,NA,으이그 으이그 보라 모기!,올리가 덜 얼-
178.8177851,178.9742964,0.156511293,short,suk,NA,NA,NA,NA,"어, 저디 잇인게,  저 저 저  차- 상에, 상에."
179.0928656,179.6003416,0.507476011,short,suk,suk,statement,NA,NA,"어, 저디 잇인게,  저 저 저  차- 상에, 상에."
179.7758239,180.9852294,1.209405448,mid,suk-repairs,NA,NA,NA,NA,"어, 저디 잇인게,  저 저 저  차- 상에, 상에."
181.8294418,182.5348832,0.705441361,mid,overlap,suk,wh_q,NA,어떵헹 잡을거니?,저 이거 어디간거?
182.5395428,184.3843124,1.844769551,long,overlap,NA,NA,눈덜도 ㅂ.ㄺ으다 나는 상이랑 말앙 아무것도 못 보암ㅅ저.,어떵헹 잡을거니?,저 이거 어디간거?
184.3843124,187.0708212,2.686508847,long,overlap,NA,NA,눈덜도 ㅂ.ㄺ으다 나는 상이랑 말앙 아무것도 못 보암ㅅ저.,NA,저기 상에.
187.440757,187.9434902,0.502733245,short,hyj,hyj,yn_q,NA,붙엇어?,NA
188.1474292,188.3513681,0.203938958,short,suk,suk,yes,NA,NA,"예 부ㄸ언, 이거 어떵 헹..."
188.4130241,188.7639888,0.350964718,short,suk,suk,affirm,NA,NA,"예 부ㄸ언, 이거 어떵 헹..."
189.0658331,189.2913419,0.225508842,short,suk,suk,abandon,팍 두들라게!,NA,"예 부ㄸ언, 이거 어떵 헹..."
189.2945792,189.9530429,0.658463689,mid,hgs,hgs,directive,팍 두들라게!,NA,"예 부ㄸ언, 이거 어떵 헹..."
189.9833084,190.9701052,0.986796795,mid,hyj,hyj,abandon,NA,ㅍ.리체 잇엇이민...,NA
191.7418027,193.055549,1.31374631,long,hgs,hgs,statement,물 안솓아진다게 다 두들 건 두들어라.,NA,NA
193.3258867,194.2886683,0.962781592,mid,hgs,hgs,statement,물 안솓아진다게 다 두들 건 두들어라.,NA,NA
194.7202601,195.024,0.303739922,short,suk,suk,other,NA,NA,어이 영 두들믄 그냥 가비는디...
195.189794,196.7273947,1.537600742,long,suk,suk,statement,NA,NA,어이 영 두들믄 그냥 가비는디...
196.8080217,197.3344688,0.526447077,short,hyj,hyj,backchannel_q,NA,저거?,NA
197.4862373,197.7708033,0.284565988,short,suk,suk,affirm,NA,NA,저거.
199.0534536,200.3719426,1.318489076,long,overlap,NA,NA,NA,아이구 에 에 에!,저 헤 헤! 간게!
200.8462193,201.9797405,1.133521184,mid,overlap,NA,NA,NA,어여 이 ㄴ.ㄹ아뎅겸ㅅ어!,NA
202.3212196,202.7338403,0.412620682,short,suk,suk,other,NA,NA,이런!
204.8829362,205.1627595,0.279823221,short,hyj,NA,NA,NA,아야 방 ㄸ.ㅅ아부난이?,NA
205.1627595,206.4243353,1.261575879,mid,hyj,hyj,yn_q,NA,아야 방 ㄸ.ㅅ아부난이?,NA
207.1474461,207.9157743,0.768328167,mid,hyj,hyj,yn_q,NA,거 모기냐?,NA
208.7220446,209.9646494,1.242604813,mid,hyj,hyj,opinion,NA,ㅍ.리체 잇엇이믄 기냥 칵!,이거 그 어디 간거마씀?
209.9646494,211.9171883,1.952538927,long,overlap,NA,NA,NA,"ㅍ.리체 잇엇이믄 기냥 칵! 책이라도 떼리-, 책.",이거 그 어디 간거마씀?
212.187526,213.3068189,1.119292885,mid,suk,suk,wh_q,NA,NA,삼춘 그거 어디간거?
214.2774982,215.0695402,0.792041999,mid,suk,suk,other,NA,NA,징징거리는거.
215.3256496,216.5635116,1.237862046,mid,hgs,hgs,answer,저디 걸어져실거여 밖에.,NA,걸어젼?
216.6299103,218.0479975,1.418087172,long,overlap,NA,NA,저디 걸어져실거여 밖에.,어유 모기 모기.,걸어젼?
218.2756503,218.991808,0.716157736,mid,hyj,hyj,statement,NA,그거 모기.,NA
219.5547167,220.6313246,1.076607987,mid,hyj,hyj,statement,NA,어 요짝이 거 모기다.,NA
221.6273056,223.9829799,2.355674338,long,hyj,hjy,opinion,NA,아이구야 ㄴ.ㄹ아뎅- ㄸ.ㅅ아부난이 방안네이.,NA
224.1774334,224.6706811,0.493247712,short,hgs,hgs,abandon,"게난 딜어 완,",NA,NA
224.8793628,225.608,0.728637202,mid,hgs,hgs,abandon,"게난 딜어 완,",NA,NA
225.9721951,227.0535459,1.081350753,mid,suk,suk,other,NA,NA,"딱 알아그넹에, 얄미운 거."
227.1484012,227.8693017,0.720900502,mid,suk,suk,opinion,NA,NA,"딱 알아그넹에, 얄미운 거."
228.8605399,230.321312,1.46077207,long,overlap,NA,NA,NA,하 하 하.,"아유 이걸 ㅇ..ㄱ아그네 나 뮈시거  영 죽이-, 음마!"
230.4443022,230.6956688,0.251366622,short,suk,suk,other,NA,NA,"아유 이걸 ㅇ..ㄱ아그네 나 뮈시거  영 죽이-, 음마!"
230.8094952,231.1604599,0.350964718,short,suk,suk,other,NA,NA,"아유 이걸 ㅇ..ㄱ아그네 나 뮈시거  영 죽이-, 음마!"
231.7912479,232.7208301,0.929582226,mid,suk,suk,other,NA,NA,"아유 이걸 ㅇ..ㄱ아그네 나 뮈시거  영 죽이-, 음마!"
233.1334508,233.3136759,0.180225126,short,suk,suk,apprec,NA,NA,"아유 이걸 ㅇ..ㄱ아그네 나 뮈시거  영 죽이-, 음마!"
234.39713,234.9615192,0.564389209,short,suk,suk,self_talk,NA,NA,어떵된거라?
235.208143,236.2136095,1.00546649,mid,hgs,hgs,statement,또 큼 소리 낫저.,NA,NA
237.1476125,237.6598313,0.512218778,short,suk,suk,no,NA,NA,아니우다.
237.8542847,238.1673073,0.313022586,short,overlap,NA,NA,부ㄸ-,NA,NA
239.4241404,240.0691567,0.645016239,short,suk,suk,statement,NA,NA,ㄷ.ㄹ아난거.
241.6101266,243.3447897,1.734663184,long,hyj,hyj,wh_q,NA,그거 탁허민 어떵 헨에 돌아나시?,NA
244.0147092,244.8067512,0.792041999,mid,hgs,hgs,answer,"모르지 이제 다 된 거 이니가, 그거!",NA,NA
244.8067512,245.9402723,1.133521184,mid,overlap,NA,NA,"모르지 이제 다 된 거 이니가, 그거!",으이으.,NA
247.3388523,248.2921483,0.953296059,mid,overlap,NA,NA,전기.,약 기운이 다 되-,NA
248.9229363,250.2177115,1.294775244,mid,overlap,NA,NA,전기 양이 다 된 셍인게.,NA,NA
250.492792,251.2374063,0.744614334,mid,suk-repairs,NA,NA,NA,"으이그, 그 아까 그 틀림 엇이 모긴디, 나 나야 천장에,",겅 겅 헌 셍 인게.
251.2374063,253.2848008,2.047394518,long,hyj,hyj,statement,NA,"으이그, 그 아까 그 틀림 엇이 모긴디, 나 나야 천장에,",겅 겅 헌 셍 인게.
253.2848008,255.9454928,2.660691985,long,overlap,NA,NA,거 전기약 그거 하나 들어감ㅅ어 두개 들어감ㅅ어?,"으이그, 그 아까 그 틀림 엇이 모긴디, 나 나야 천장에,",NA
256.5758518,256.8082473,0.232395557,short,suk,suk,repeat_q,NA,NA,에?
257.4580063,258.9567206,1.498714202,long,overlap,NA,NA,"하나 들어감이엔, 두 개 들어감이엔?",전기 두겔거라.,NA
259.089518,260.864,1.774481988,long,suk-repairs,NA,NA,"하나 들어감이엔, 두 개 들어감이엔?",NA,두 두겔거
262.0616445,262.7303746,0.668730071,mid,suk,suk,answer,NA,NA,"두 갤거우다, 두 개."
262.9058569,263.2757927,0.369935784,short,suk,suk,repeat,NA,NA,"두 갤거우다, 두 개."
264.4066744,265.1939736,0.787299233,mid,hyj,hyj,yn_q,NA,약 다 된거라?,NA
265.2461441,265.5591667,0.313022586,short,hgs,NA,NA,전- 모르주게 나는!,약 다 된거라?,NA
265.6445365,266.6737168,1.029180322,mid,hgs,hgs,answer,전- 모르주게 나는!,NA,NA
267.2713054,267.6602122,0.38890685,short,suk,suk,other,NA,NA,"겅허난 원만허믄, 무시거 죽이지도 안헨디 모기는 ㅇ..ㄱ아그넹아,"
268.0396335,268.679907,0.640273472,short,suk,suk,opinion,NA,NA,"겅허난 원만허믄, 무시거 죽이지도 안헨디 모기는 ㅇ..ㄱ아그넹아,"
268.9415963,271.3841211,2.442524728,long,suk,suk,opinion,NA,NA,"겅허난 원만허믄, 무시거 죽이지도 안헨디 모기는 ㅇ..ㄱ아그넹아,"
272.9203482,276.4205098,3.500161648,long,overlap,NA,NA,NA,"보라게 니 지레 큰큰헌 지레에도 기냥 거 못 잡아그네 기냐, 저거 그거 머 저거?",NA
276.619706,277.473404,0.853697963,mid,hyj,hyj,wh_q,NA,"보라게 니 지레 큰큰헌 지레에도 기냥 거 못 잡아그네 기냐, 저거 그거 머 저거?",NA
278.0140794,278.3575543,0.343474978,short,suk,suk,answer,NA,그,어디 저디 잇인게.
278.3575543,278.6990335,0.341479185,short,overlap,suk,answer,NA,그,어디 저디 잇인게.
279.1875385,279.8657541,0.678215604,mid,hyj,hyj,affirm,NA,그 모긴게.,NA
280.4064294,281,0.593570557,short,suk,suk,tag_q,NA,NA,저디 아니꽈?
281.7684406,283.5090359,1.740595291,long,hyj,hyj,opinion,NA,"약 뿌리는거 잇이민 약이라두 탁 뿌려 불거- 아이구 여기 그 아, 어, 여,",NA
283.6608044,285.3919142,1.731109758,long,hyj,hyj,directive,NA,"약 뿌리는거 잇이민 약이라두 탁 뿌려 불거- 아이구 여기 그 아, 어, 여,",NA
285.5816248,286.1317857,0.550160909,short,suk,suk,yn_q,NA,NA,또 간?
286.3057875,286.7942924,0.488504946,short,hyj,hyj,neg,NA,"엉 여 그 잇어, 잇어.",NA
286.8654339,287.4393087,0.573874742,short,hyj,hyj,answer,NA,"엉 여 그 잇어, 잇어.",NA
290.9059493,291.3090844,0.403135149,short,suk,suk,self_talk,됨샤?,NA,이런!
291.3090844,291.8,0.490915594,short,hgs,hgs,yn_q,됨샤?,NA,NA
292.4388072,294.7248207,2.286013434,long,overlap,NA,NA,그것이 안되는 셍인게!,안부ㄸ엄서!,안 된셍이어.
294.8149332,295.6638884,0.848955197,mid,overlap,NA,NA,NA,안부ㄸ엄서! 약 엇어.,안 된셍이어.
296.7864435,298.6835501,1.897106584,long,hyj,hyj,statement,NA,소리나멍 탁 돌라부ㄸ은덴 허는디.,NA
299.2669103,299.6131323,0.346221952,short,suk,suk,other,NA,NA,"겅허난 원렌 경허는디,"
299.887891,300.3005117,0.412620682,short,hyj,hyj,backchannel,NA,으응.,"겅허난 원렌 경허는디,"
300.4152418,301.3244121,0.90917037,mid,suk,suk,statement,NA,NA,"겅허난 원렌 경허는디,"
301.35915,302.3638057,1.004655671,mid,hyj,hyj,yn_q,NA,ㅍ.리체도 엇어?,"겅허난 원렌 경허는디,"
303.2786473,303.8,0.521352652,short,hgs,hgs,backchannel_q,ㅍ.리체?,NA,NA
303.994,304.3505126,0.356512569,short,hgs,NA,NA,"우리는 ㅍ.리도 죽이지 안행 고만히 잇인디,",NA,NA
304.3505126,306.3756738,2.025161279,long,overlap,NA,NA,"우리는 ㅍ.리도 죽이지 안행 고만히 잇인디,",NA,아이 이거 체얌은 잘ㄷ- 잘도 잘도 됩디다.
306.7645807,307.2077613,0.443180572,short,suk-repairs,NA,NA,NA,NA,아이 이거 체얌은 잘ㄷ- 잘도 잘도 됩디다.
307.3453015,308.208485,0.863183496,mid,overlap,NA,NA,NA,응...,아이 이거 체얌은 잘ㄷ- 잘도 잘도 됩디다.
308.5689352,309.4653181,0.896382861,mid,suk,suk,statement,NA,NA,아이 이거 체얌은 잘ㄷ- 잘도 잘도 됩디다.
309.6550288,311.3206842,1.665655437,long,overlap,NA,NA,"그거 저, 약 노민 되는거?",에이그...,NA
311.6763917,311.9182728,0.24188109,short,suk,suk,backchannel,NA,NA,음.
312.3295201,313.5389255,1.209405448,mid,hgs,hgs,commit,"약 놔부까, 새 거. 새 거 #노았는데만은 쩌,",NA,NA
313.6812085,314.9807266,1.29951801,mid,hgs,hgs,other,"약 놔부까, 새 거. 새 거 #노았는데만은 쩌,",NA,NA
315.294586,316.9687826,1.674196561,long,hyj,hyj,reject,NA,으이그 이제 므시거 이게 모기두 이제.,NA
317.222018,317.710369,0.488350996,short,suk,suk,abandon,NA,NA,헐 수 엇이...
317.8936221,319.7195872,1.825965088,long,hyj,hyj,opinion,NA,"그거만 죽여졋이민 좋을건디, 기냥.",헐 수 엇이...
320.0515808,320.7792201,0.727639323,mid,suk,suk,spprec,NA,NA,크으 그것도 성가셔.
320.7792201,321.7420017,0.962781592,mid,suk,suk,opinion,NA,NA,크으 그것도 성가셔.
321.9033664,322.9879079,1.084541519,mid,hyj,hys,spprec,NA,에이그 정말.,NA
323.2026686,324.8294809,1.626812278,long,hgs,hgs,abandon,아니 잇기는 잇인 셍이라.,NA,NA
324.9690754,327.54596,2.57688467,long,overlap,NA,NA,아니 잇기는 잇인 셍이라.,"그 저거 잇어부난에 경게 웽웽웽웽 헴주게 나도 밤이야, 이 여 소리 납데다게.",NA
327.7768278,329.0492849,1.272457128,mid,hyj,hyj,statement,NA,"그 저거 잇어부난에 경게 웽웽웽웽 헴주게 나도 밤이야, 이 여 소리 납데다게.",NA
329.1459272,330.4613365,1.315409268,long,hyj,hyj,tag_q,NA,"그 저거 잇어부난에 경게 웽웽웽웽 헴주게 나도 밤이야, 이 여 소리 납데다게.",NA
334.5020423,336.7301845,2.228142229,long,overlap,NA,NA,"겅 허난, 옛날거찌룩 구들목 짓는 방거ㄸ으민 엇일건디 이제는 이 이 온돌방덜 이라노난이, 아메도 영 따뜻허주 아메도게,  겅하난에 이 모기덜도, 헌 번 들언에 안나가젠 헴셰게.",NA,그 소리 나그넹에.
337.0899087,339.9083992,2.818490564,long,overlap,NA,NA,"겅 허난, 옛날거찌룩 구들목 짓는 방거ㄸ으민 엇일건디 이제는 이 이 온돌방덜 이라노난이, 아메도 영 따뜻허주 아메도게,  겅하난에 이 모기덜도, 헌 번 들언에 안나가젠 헴셰게.",NA,NA
340.2573854,342.725578,2.468192625,long,hgs,hgs,other,"겅 허난, 옛날거찌룩 구들목 짓는 방거ㄸ으민 엇일건디 이제는 이 이 온돌방덜 이라노난이, 아메도 영 따뜻허주 아메도게,  겅하난에 이 모기덜도, 헌 번 들언에 안나가젠 헴셰게.",NA,NA
343.1980515,345.2758613,2.077809741,long,hgs,hgs,opinion,"겅 허난, 옛날거찌룩 구들목 짓는 방거ㄸ으민 엇일건디 이제는 이 이 온돌방덜 이라노난이, 아메도 영 따뜻허주 아메도게,  겅하난에 이 모기덜도, 헌 번 들언에 안나가젠 헴셰게.",NA,NA
345.800226,346.8364464,1.036220362,mid,overlap,NA,NA,"겅 허난, 옛날거찌룩 구들목 짓는 방거ㄸ으민 엇일건디 이제는 이 이 온돌방덜 이라노난이, 아메도 영 따뜻허주 아메도게,  겅하난에 이 모기덜도, 헌 번 들언에 안나가젠 헴셰게.",NA,NA
346.8364464,347.656,0.819553642,mid,hgs,NA,NA,"겅 허난, 옛날거찌룩 구들목 짓는 방거ㄸ으민 엇일건디 이제는 이 이 온돌방덜 이라노난이, 아메도 영 따뜻허주 아메도게,  겅하난에 이 모기덜도, 헌 번 들언에 안나가젠 헴셰게.",NA,NA
348.2227208,350.6280406,2.405319804,long,overlap,NA,NA,"겅 허난, 옛날거찌룩 구들목 짓는 방거ㄸ으민 엇일건디 이제는 이 이 온돌방덜 이라노난이, 아메도 영 따뜻허주 아메도게,  겅하난에 이 모기덜도, 헌 번 들언에 안나가젠 헴셰게.",알안 ㄷ.ㅅ아.,NA
351.2293706,352.9786966,1.749326032,long,overlap,NA,NA,"겅 허난, 옛날거찌룩 구들목 짓는 방거ㄸ으민 엇일건디 이제는 이 이 온돌방덜 이라노난이, 아메도 영 따뜻허주 아메도게,  겅하난에 이 모기덜도, 헌 번 들언에 안나가젠 헴셰게. 숨을 디도 많지, 머 무신 걱정이 잇어?","ㄸ.ㅅ인디 들어오난 안나가젠만,",NA
352.9786966,353.9740067,0.995310095,mid,hgs,hgs,statement,"숨을 디도 많지, 머 무신 걱정이 잇어?","ㄸ.ㅅ인디 들어오난 안나가젠만,",NA
354.536,356.0732925,1.537292509,long,hgs,hgs,rhet_q,"숨을 디도 많지, 머 무신 걱정이 잇어?",NA,NA
357.1391456,357.6348224,0.495676784,short,suk,suk,backchannel,NA,NA,겅허난에.
360.216,361.5772382,1.361238218,long,hyj,hyj,statement,NA,"사름만 튿어먹젠, ㄷ.ㄹ라 비ㄸ어그네 기냥.",NA
362.0765568,362.9409686,0.864411805,mid,hyj,hyj,statement,NA,"사름만 튿어먹젠, ㄷ.ㄹ라 비ㄸ어그네 기냥.",NA
368.7937787,369.7333567,0.939578048,mid,suk,suk,apprec,NA,NA,에흐.
371.4819792,371.6497306,0.167751347,short,hyj,NA,NA,NA,"거 보는 것도 못 잡으난에, 모기만이 우리 사름이 못허지 아니헤냐?  그거앞이 지어그네.",NA
371.6497306,373.2443288,1.594598174,long,hyj,hyj,statement,NA,"거 보는 것도 못 잡으난에, 모기만이 우리 사름이 못허지 아니헤냐?  그거앞이 지어그네.",NA
373.3517091,375.2093891,1.857680027,long,hyj,hyj,rhet_q,NA,"거 보는 것도 못 잡으난에, 모기만이 우리 사름이 못허지 아니헤냐?  그거앞이 지어그네.",NA
375.3275075,376.2348715,0.907363944,mid,hyj,hyj,statement,NA,"거 보는 것도 못 잡으난에, 모기만이 우리 사름이 못허지 아니헤냐?  그거앞이 지어그네.",NA
376.3583589,376.846128,0.487769184,short,hyj,NA,NA,NA,"거 보는 것도 못 잡으난에, 모기만이 우리 사름이 못허지 아니헤냐?  그거앞이 지어그네.",NA
376.9614538,377.7596724,0.798218627,mid,suk,suk,statement,NA,NA,"원랜야, 원랜, 이제는 잘 잡는디."
377.7596724,378.0388613,0.279188906,short,hyj,hyj,backchannel,NA,NA,"원랜야, 원랜, 이제는 잘 잡는디."
378.104236,378.5498644,0.445628446,short,suk,suk,statement,NA,NA,"원랜야, 원랜, 이제는 잘 잡는디."
378.6196616,379.1726704,0.553008794,short,suk,suk,statement,NA,NA,"원랜야, 원랜, 이제는 잘 잡는디."
380.1552006,381.0564623,0.90126172,mid,suk,suk,statement,NA,NA,"원랜야, 원랜, 이제는 잘 잡는디."
381.9380653,384.6979227,2.759857453,long,hyj,hyj,opinion,NA,멕사리가 아무것도 엇이는디 잘 놀아뎅겸ㅅ저.,NA
384.7334603,385.5614358,0.82797551,mid,suk,suk,other,NA,NA,ㄴ.ㄹ아뎅겨사 잘 잡아지는디...
386.144,386.4849068,0.340906781,short,suk,suk,other,NA,NA,ㄴ.ㄹ아뎅겨사 잘 잡아지는디...
386.5623313,387.4215345,0.859203268,mid,overlap,NA,NA,"그게 맥사리가 엇인 거닮아도, 물어그넹에 그 뻘겅 헌 거는 피를 빨아먹었다는 거잖아.",NA,ㄴ.ㄹ아뎅겨사 잘 잡아지는디...
387.4215345,389.3273752,1.905840703,long,hgs,hgs,statement,"그게 맥사리가 엇인 거닮아도, 물어그넹에 그 뻘겅 헌 거는 피를 빨아먹었다는 거잖아.",NA,ㄴ.ㄹ아뎅겨사 잘 잡아지는디...
389.6334092,391.4,1.76659077,long,hgs,hgs,statement,"그게 맥사리가 엇인 거닮아도, 물어그넹에 그 뻘겅 헌 거는 피를 빨아먹었다는 거잖아.",NA,NA
391.4644889,392.0759465,0.611457601,short,overlap,NA,NA,"그게 맥사리가 엇인 거닮아도, 물어그넹에 그 뻘겅 헌 거는 피를 빨아먹었다는 거잖아.",거난.,NA
392.210172,393.4876762,1.277504221,mid,hgs,hgs,sum,"그게 맥사리가 엇인 거닮아도, 물어그넹에 그 뻘겅 헌 거는 피를 빨아먹었다는 거잖아.",NA,NA
394.6232405,396.4970276,1.873787079,long,hyj,hyj,statement,NA,"어젠 뻘겅헤도 오널 덜 헤언 이젠,",NA
397.0068407,399.7772537,2.770412989,long,hyj,hyj,statement,NA,"하영을 뽈아먹으민 자리가 뽕골랑 티어 나는디,",NA
400.3517386,401.8475194,1.495780816,long,hyj,hyj,statement,NA,하영을 안 물언에.,NA
408.6460543,409.1728576,0.526803294,short,suk,suk,agree,NA,NA,허난에.
413.1019967,414.0609166,0.958919897,mid,suk,suk,opinion,NA,NA,근디 올리가 상당히 덜 얼어.
414.0609166,415.1240044,1.063087792,mid,suk,suk,opinion,NA,NA,근디 올리가 상당히 덜 얼어.
416.5034762,418.9591229,2.455646722,long,overlap,NA,NA,"안직 멀어세, #오늘, 허긴 동지로부떠 이젠 따뜻 헤부는거주만은 봄에는 워낙에 추어.","저실에 아직도 몰른다, 아직도 정월 음력으루,",NA
419.0200067,420.3442294,1.324222716,long,overlap,NA,NA,"안직 멀어세, #오늘, 허긴 동지로부떠 이젠 따뜻 헤부는거주만은 봄에는 워낙에 추어.","저실에 아직도 몰른다, 아직도 정월 음력으루,",경헤도!
420.3442294,420.6610448,0.316815314,short,hgs,NA,NA,"안직 멀어세, #오늘, 허긴 동지로부떠 이젠 따뜻 헤부는거주만은 봄에는 워낙에 추어.","저실에 아직도 몰른다, 아직도 정월 음력으루,",경헤도!
420.6610448,421.7062167,1.045171952,mid,hgs,hgs,statement,"안직 멀어세, #오늘, 허긴 동지로부떠 이젠 따뜻 헤부는거주만은 봄에는 워낙에 추어.",NA,NA
421.7062167,422.6651366,0.958919897,mid,overlap,NA,NA,"안직 멀어세, #오늘, 허긴 동지로부떠 이젠 따뜻 헤부는거주만은 봄에는 워낙에 추어.",NA,NA
422.7361677,424.2887047,1.552536977,long,overlap,NA,NA,"안직 멀어세, #오늘, 허긴 동지로부떠 이젠 따뜻 헤부는거주만은 봄에는 워낙에 추어.",반- 반 저실은...,NA
424.4782081,424.9327129,0.454504799,short,suk,suk,other,NA,NA,"겅헤도 저, 작년 저실만 헤어도 저어..."
425.0950697,425.5060354,0.41096567,short,suk,suk,hedge,NA,NA,"겅헤도 저, 작년 저실만 헤어도 저어..."
425.7546442,427.4035806,1.648936332,long,suk,suk,statement,NA,NA,"겅헤도 저, 작년 저실만 헤어도 저어..."
428.2204382,428.5899234,0.369485206,short,suk,suk,hedge,NA,"철- 작년 저실에는 초저실보떠 막 얼엇주게이, 겐디 올리는이, 기엉 막 추웡 막 헝 가가가  안직은이, 음력으로 섣덜이 아니난 정월 나도 막 업니데- 어- 언다, 정월나도 얼어.","겅헤도 저, 작년 저실만 헤어도 저어..."
428.633176,429.0484526,0.415276631,short,hyj,hyj,statement,NA,"철- 작년 저실에는 초저실보떠 막 얼엇주게이, 겐디 올리는이, 기엉 막 추웡 막 헝 가가가  안직은이, 음력으로 섣덜이 아니난 정월 나도 막 업니데- 어- 언다, 정월나도 얼어.","겅헤도 저, 작년 저실만 헤어도 저어..."
429.1397783,430.0834773,0.943698947,mid,hyj,hyj,statement,NA,"철- 작년 저실에는 초저실보떠 막 얼엇주게이, 겐디 올리는이, 기엉 막 추웡 막 헝 가가가  안직은이, 음력으로 섣덜이 아니난 정월 나도 막 업니데- 어- 언다, 정월나도 얼어.",NA
430.1189928,432.0537384,1.934745623,long,hyj,hyj,statement,NA,"철- 작년 저실에는 초저실보떠 막 얼엇주게이, 겐디 올리는이, 기엉 막 추웡 막 헝 가가가  안직은이, 음력으로 섣덜이 아니난 정월 나도 막 업니데- 어- 언다, 정월나도 얼어.",NA
432.060731,432.4209601,0.360229168,short,suk,suk,backchannel,NA,"철- 작년 저실에는 초저실보떠 막 얼엇주게이, 겐디 올리는이, 기엉 막 추웡 막 헝 가가가  안직은이, 음력으로 섣덜이 아니난 정월 나도 막 업니데- 어- 언다, 정월나도 얼어.",NA
432.4209601,433.598047,1.177086858,mid,hyj,hyj,statement,NA,"철- 작년 저실에는 초저실보떠 막 얼엇주게이, 겐디 올리는이, 기엉 막 추웡 막 헝 가가가  안직은이, 음력으로 섣덜이 아니난 정월 나도 막 업니데- 어- 언다, 정월나도 얼어.",NA
433.684299,434.425052,0.740752937,mid,hyj,hyj,statement,NA,"철- 작년 저실에는 초저실보떠 막 얼엇주게이, 겐디 올리는이, 기엉 막 추웡 막 헝 가가가  안직은이, 음력으로 섣덜이 아니난 정월 나도 막 업니데- 어- 언다, 정월나도 얼어.",NA
435.3556638,435.9086917,0.553027877,short,hyj,hyj,statement,NA,"철- 작년 저실에는 초저실보떠 막 얼엇주게이, 겐디 올리는이, 기엉 막 추웡 막 헝 가가가  안직은이, 음력으로 섣덜이 아니난 정월 나도 막 업니데- 어- 언다, 정월나도 얼어.",NA
436.0456803,439.6124564,3.566776127,long,hyj,hyj,statement,NA,"철- 작년 저실에는 초저실보떠 막 얼엇주게이, 겐디 올리는이, 기엉 막 추웡 막 헝 가가가  안직은이, 음력으로 섣덜이 아니난 정월 나도 막 업니데- 어- 언다, 정월나도 얼어.",NA
439.9532852,441.6884736,1.735188386,long,hyj,hyj,statement,NA,"철- 작년 저실에는 초저실보떠 막 얼엇주게이, 겐디 올리는이, 기엉 막 추웡 막 헝 가가가  안직은이, 음력으로 섣덜이 아니난 정월 나도 막 업니데- 어- 언다, 정월나도 얼어.",NA
441.754431,442.7465816,0.992150586,mid,hyj,hyj,statement,NA,"철- 작년 저실에는 초저실보떠 막 얼엇주게이, 겐디 올리는이, 기엉 막 추웡 막 헝 가가가  안직은이, 음력으로 섣덜이 아니난 정월 나도 막 업니데- 어- 언다, 정월나도 얼어.",NA
442.7945293,443.0685065,0.273977114,short,suk,suk,backchannel,NA,"철- 작년 저실에는 초저실보떠 막 얼엇주게이, 겐디 올리는이, 기엉 막 추웡 막 헝 가가가  안직은이, 음력으로 섣덜이 아니난 정월 나도 막 업니데- 어- 언다, 정월나도 얼어.",NA
443.2511579,443.4541039,0.20294601,short,hgs,hyj,statement,NA,"철- 작년 저실에는 초저실보떠 막 얼엇주게이, 겐디 올리는이, 기엉 막 추웡 막 헝 가가가  안직은이, 음력으로 섣덜이 아니난 정월 나도 막 업니데- 어- 언다, 정월나도 얼어.",NA
443.7230073,446.6551644,2.932157034,long,hyj,hyj,opinion,NA,묵은 해가 ㄷ.ㅅ이- 저 ㄸ.ㅅ아불민 새해 낭 막 얼어.,NA
447.1465439,447.648,0.501456142,short,suk,suk,acknowledge,NA,NA,어.
464.4115117,465.5942551,1.182743387,mid,hgs,hgs,wh_q,오널은 무신 것에 데헤서 물어볼거?,NA,NA
465.5942551,467.1780558,1.583800716,long,hgs,hgs,wh_q,오널은 무신 것에 데헤서 물어볼거?,NA,NA
467.8417176,468.969013,1.12729542,mid,suk,suk,answer,NA,NA,"어 요거 저거, 막 하우다."
469.2988485,470.0293571,0.730508601,mid,suk,suk,answer,NA,NA,"어 요거 저거, 막 하우다."
471.4923934,472.102916,0.610522615,short,hyj,hyj,repeat_q,NA,요거 저거?,NA
472.1779138,472.632,0.45408616,short,suk,suk,yes,NA,NA,응.
475.0662202,476.3988888,1.332668605,long,suk,suk,answer,NA,NA,"오랜만간이라부난,"
477.7782008,478.577714,0.799513114,mid,suk,suk,abandon,NA,NA,"이제 부ㄸ언,"
484.3172887,486.4569046,2.139615953,long,overlap,NA,NA,우리도 영어 그렇게 쓸 수 엇이카?,NA,NA
487.6286276,488.9591103,1.330482767,long,overlap,NA,NA,NA,저 어른사  씨주게!,연습만 허믄 써지지 아녀꽈?
488.9591103,490.0602864,1.101176064,mid,hyj,hyj,opinion,NA,저 어른사  씨주게!,연습만 허믄 써지지 아녀꽈?
491.0360445,492.2053567,1.169312223,mid,hyj,hyj,opinion,NA,글 잘씨는 어른이난.,NA
493.0597759,493.8867831,0.827007112,mid,hgs,hgs,apprec,"ㅁ신 어이구, 글 잘썼덴 ㅁ신 그 영어도 모르는 사름이 씨냐?",NA,NA
493.9322378,494.9827481,1.050510237,mid,hgs,hgs,rhet_q,"ㅁ신 어이구, 글 잘썼덴 ㅁ신 그 영어도 모르는 사름이 씨냐?",NA,NA
495.3564873,496.917101,1.560613765,long,hgs,hgs,rhet_q,"ㅁ신 어이구, 글 잘썼덴 ㅁ신 그 영어도 모르는 사름이 씨냐?",NA,NA
498.0089072,498.3422422,0.333334979,short,suk,NA,NA,NA,NA,흠.
498.5644655,499.5846725,1.020207057,mid,hgs,hgs,opinion,알파베뜨 보듯 아는 사람이 무신...,NA,NA
500.0392202,501.4079139,1.368693626,long,hgs,hgs,opinion,알파베뜨 보듯 아는 사람이 무신...,NA,NA
502.4479806,503.9631396,1.515158995,long,suk,suk,rhet_q,NA,NA,겅헤도 ㅂ.듯 아는게 얼마꽈?
505.5237534,505.9479979,0.424244519,short,suk,NA,NA,NA,NA,삼춘.
508.4033327,509.883138,1.479805285,long,overlap,NA,NA,겅 허믄 어디강 무얼 써먹어?,NA,NA
510.388191,510.9437493,0.555558298,short,hgs,NA,NA,알파베뜨 아는 정도에 무시걸 어디강 써먹어?,NA,NA
511.2114274,512.785616,1.574188567,long,overlap,NA,NA,알파베뜨 아는 정도에 무시걸 어디강 써먹어?,한문이루 한문이루구 영어루구 너는 오늘 죽일거엔 행 썽 우리 주어도 몰를것인디.,NA
512.8411718,514.659134,1.817962246,long,hyj,hyj,statement,알파베뜨 아는 정도에 무시걸 어디강 써먹어?,한문이루 한문이루구 영어루구 너는 오늘 죽일거엔 행 썽 우리 주어도 몰를것인디.,NA
514.7550941,517.0581358,2.303041673,long,hyj,hyj,statement,NA,한문이루 한문이루구 영어루구 너는 오늘 죽일거엔 행 썽 우리 주어도 몰를것인디.,NA
522.1566253,522.5303645,0.373739206,short,suk,suk,agree,NA,NA,"그난,"
